ID,x,y,Especie,Subespecie,Nombre común,Total,Lugar,lat,lng,id
1,592316.9665,908971.0854,Saimiri oerstedii,,Mono Tití ,16,"Golfito, CR-PU, CR",8.219842,-83.162097,68741612
2,596169.1757,910859.3842,Saimiri oerstedii,,Mono Tití ,22,"Golfito, CR-PU, CR",8.236841,-83.127098,68742025
3,572128.2709,928824.9517,Cebus  imitator,,Mono Carablanca,1,"Osa, CR-PU, CR",8.399703,-83.34503,69177401
4,578744.5981,928895.3221,Alouatta palliata,,Mono Congo,6,"Provincia de Puntarenas, Punto Jimenez, Costa Rica",8.400235,-83.284952,68533286
5,579940.4902,931926.4596,Ateles geoffroyi ,ornatus,Mono Araña,14,"Golfito, CR-PU, CR",8.427622,-83.274042,68966178
6,599803.6476,932325.5721,Alouatta palliata,,Mono Congo,1,"Provincia de Puntarenas, Costa Rica",8.430856,-83.093665,68305515
7,599811.027,932327.8267,Alouatta palliata,,Mono Congo,1,"Provincia de Puntarenas, Costa Rica",8.430876,-83.093598,68498361
8,599505.8117,932768.0821,Alouatta palliata,,Mono Congo,7,"Provincia de Puntarenas, Costa Rica",8.434863,-83.09636,68697999
9,599506.4053,932771.8227,Alouatta palliata,,Mono Congo,7,"Provincia de Puntarenas, Costa Rica",8.434897,-83.096355,68698000
10,599512.803,932810.3545,Cebus  imitator,,Mono Carablanca,25,"Provincia de Puntarenas, Costa Rica",8.435245,-83.096296,68698166
11,579001.8413,933501.4638,Cebus  imitator,,Mono Carablanca,10,"Golfito, CR-PU, CR",8.441879,-83.282539,68965646
12,588454.3247,934553.2678,Saimiri oerstedii,,Mono Tití,18,"Puntarenas, CR",8.451223,-83.196681,68696403
13,577392.1588,936625.6565,Saimiri oerstedii,,Mono Tití,1,"Puntarenas, CR",8.470154,-83.297106,68416857
14,577421.7205,939425.0788,Alouatta palliata,,Mono Congo,1,"Provincia de Puntarenas, Costa Rica",8.495466,-83.296791,69007381
15,577125.207,943049.879,Alouatta palliata,,Mono Congo,1,"Provincia de Puntarenas, Costa Rica",8.528246,-83.299424,68343864
16,579724.2684,943695.6454,Saimiri oerstedii,,Mono Tití,1,"Puntarenas, CR",8.534042,-83.275806,68577793
17,575144.3805,943961.3523,Cebus  imitator,,Mono Carablanca,1,"El Banb??, Provincia de Puntarenas, Costa Rica",8.53652,-83.317402,68746950
18,575132.4801,943969.5593,Cebus  imitator,,Mono Carablanca,1,"El Banb??, Provincia de Puntarenas, Costa Rica",8.536594,-83.31751,68736650
19,573953.1257,945245.345,Ateles geoffroyi,,Mono Araña,1,"Golfito, CR-PU, CR",8.548148,-83.328202,68133865
20,566812.7492,945806.9284,Alouatta palliata,,Mono Congo,1,Agujas,8.553333,-83.393056,68466805
21,558962.5263,946723.1371,Cebus  imitator,,Mono Carablanca,1,Osa Peninsula,8.561723,-83.464355,68682758
22,573257.555,948999.247,Saimiri oerstedii,,Mono Tití,1,"Puntarenas, CR",8.582102,-83.334462,68419933
23,569241.2169,950546.2786,Ateles geoffroyi,,Mono Araña,18,"Golfito, CR-PU, CR",8.596151,-83.370925,68532159
24,585883.7271,955617.4925,Saimiri oerstedii,,Mono Tití,1,"Puntarenas, CR",8.641727,-83.219638,68694826
25,560267.6749,957600.0676,Ateles geoffroyi,,Mono Araña,1,"Puntarenas, CR",8.660057,-83.452358,68109872
26,553078.9447,960076.2405,Saimiri oerstedii ,oerstedii,Mono Tití ,60,"Puntarenas, CR",8.682535,-83.51765,68466468
27,553078.9447,960076.2405,Saimiri oerstedii ,oerstedii,Mono Tití ,60,"Puntarenas, CR",8.682535,-83.51765,68466468
28,552881.3459,967752.6273,Cebus  imitator,,Mono Carablanca,1,"Osa, CR-PU, CR",8.751949,-83.519357,69176080
29,552872.8848,967795.9025,Cebus  imitator,,Mono Carablanca,1,"Provincia de Puntarenas, Costa Rica",8.75234,-83.519433,68860160
30,554428.638,981804.0946,Saimiri oerstedii,,Mono Tití,30,"Osa, CR-PU, CR",8.878986,-83.505125,68972701
31,565743.5013,987852.1663,Saimiri oerstedii,,Mono Tití,27,"Osa, CR-PU, CR",8.933522,-83.402163,69511934
32,562936.8014,991651.5555,Alouatta palliata,,Mono Congo,3,"Provincia de Puntarenas, Costa Rica",8.967916,-83.427631,68338073
33,559023.2196,992450.3768,Alouatta palliata,,Mono Congo,10,"Provincia de Puntarenas, Costa Rica",8.975192,-83.463211,68698608
34,559021.8072,992458.2859,Alouatta palliata,,Mono Congo,9,"Provincia de Puntarenas, Costa Rica",8.975264,-83.463223,68242266
35,559028.7321,992462.3981,Cebus  imitator,,Mono Carablanca,10,"Provincia de Puntarenas, Costa Rica",8.975301,-83.46316,68368500
36,559050.925,992468.7986,Cebus  imitator,,Mono Carablanca,1,"Osa, Puntarenas, CR",8.975358,-83.462958,68180259
37,559054.2218,992470.0937,Cebus  imitator,,Mono Carablanca,1,"Osa, Puntarenas, CR",8.97537,-83.462928,68179707
38,559037.2362,992470.688,Cebus  imitator,,Mono Carablanca,25,"Provincia de Puntarenas, Costa Rica",8.975376,-83.463083,68179940
39,559153.1174,992483.355,Cebus  imitator,,Mono Carablanca,20,"Provincia de Puntarenas, Costa Rica",8.975489,-83.462029,68159853
40,558980.5795,992667.4689,Cebus  imitator,,Mono Carablanca,10,"Provincia de Puntarenas, Costa Rica",8.977156,-83.463595,68694053
41,559135.1237,993045.1944,Alouatta palliata,,Mono Congo,7,"Osa, CR-PU, CR",8.980569,-83.462185,68412429
42,532107.9927,996488.1246,Alouatta palliata,,Mono Congo,7,"Puntarenas, CR",9.011977,-83.70796,68173190
43,537642.3422,1003413.131,Cebus  imitator, imitator,Mono Carablanca,4,Reserva Playa Tortuga,9.074551,-83.657563,68656770
44,537642.3422,1003413.131,Alouatta palliata,,Mono Congo,7,Reserva Playa Tortuga,9.074551,-83.657563,68657238
45,537642.3422,1003413.131,Alouatta palliata,,Mono Congo,31,Reserva Playa Tortuga,9.074551,-83.657563,68698440
46,539126.9487,1007357.169,Cebus  imitator,,Mono Carablanca,1,"Osa, Puntarenas, CR",9.110201,-83.644023,68893074
47,606112.4808,1007721.142,Saimiri oerstedii,,Mono Tití,34,"Puntarenas, CR",9.112386,-83.03462,68366674
48,528911.7644,1011850.428,Alouatta palliata,,Mono Congo,10,"Provincia de Puntarenas, Uvita, Costa Rica",9.150909,-83.73693,68247733
49,528854.079,1011876.45,Alouatta palliata,,Mono Congo,17,"Provincia de Puntarenas, Uvita, Costa Rica",9.151144,-83.737455,68225156
50,528921.6656,1011938.161,Alouatta palliata,,Mono Congo,8,"Puntarenas Province, Uvita, Costa Rica",9.151702,-83.736839,68834579
51,526769.4513,1012063.072,Alouatta palliata,,Mono Congo,3,"Bah?¡a Ballena, Provincia de Puntarenas, P?®rez Zeled??n, Costa Rica",9.152845,-83.756422,68215152
52,528113.7601,1012104.857,Alouatta palliata,,Mono Congo,2,"Provincia de Puntarenas, Uvita, Costa Rica",9.153214,-83.744189,68222960
53,527446.6762,1012198,Alouatta palliata,,Mono Congo,6,"Playa Uvita, Provincia de Puntarenas, Uvita, Costa Rica",9.154061,-83.750259,68212141
54,524613.8792,1016918.37,Alouatta palliata,,Mono Congo,10,"Bah?¡a Ballena, Provincia de Puntarenas, P?®rez Zeled??n, Costa Rica",9.19676,-83.776008,68158273
55,536356.4674,1018431.313,Alouatta palliata,,Mono Congo,5,"Puntarenas, CR",9.210358,-83.669136,68486199
56,519445.6601,1019455.505,Cebus  imitator,,Mono Carablanca,1,"Bah?¡a Ballena, Provincia de Puntarenas, P?®rez Zeled??n, Costa Rica",9.219728,-83.823028,68421387
57,519405.2256,1019570.462,Cebus  imitator,,Mono Carablanca,12,"Bah?¡a Ballena, Provincia de Puntarenas, P?®rez Zeled??n, Costa Rica",9.220768,-83.823396,68247835
58,543780.0141,1021496.548,Cebus  imitator,,Mono Carablanca,12,"Puntarenas, CR",9.238006,-83.601547,68486115
59,514062.9914,1024017.579,Cebus  imitator,,Mono Carablanca,5,"Provincia de Puntarenas, Savegre, Costa Rica",9.261,-83.872,68695269
60,505879.7417,1029542.838,Cebus  imitator,,Mono Carablanca,1,"Provincia de Puntarenas, Savegre, Costa Rica",9.31098,-83.946476,68639948
61,528053.4833,1030300.726,Alouatta palliata,,Mono Congo,2,"P?®rez Zeled??n, San Jos?®, CR",9.317745,-83.744619,68865732
62,503636.344,1030987.947,Cebus  imitator,,Mono Carablanca,40,"Calle Jard?¡n de los Monos, Playa Matapalo, Provincia de Puntarenas, Matapalo, 60602, Costa Rica",9.324049,-83.966896,68168269
63,540790.4145,1032695.642,Cebus  imitator,,Mono Carablanca,7,"San Jos?® Province, P?®rez Zeled??n, Costa Rica",9.339298,-83.628649,68506860
64,484034.3419,1037822.124,Cebus  imitator,,Mono Carablanca,1,"Parque Nacional Manuel Antonio, Aguirre, Puntarenas, CR",9.385817,-84.14537,68339563
65,375684.8806,1059105.579,Cebus  imitator,,Mono Carablanca,7,"C??bano, Provincia de Puntarenas, Costa Rica",9.576446,-85.132462,68122683
66,375232.6995,1059456.602,Alouatta palliata,,Mono Congo,9,"Puntarenas, CR-PU, CR",9.579606,-85.136591,68122738
67,380095.4912,1061181.439,Alouatta palliata,,Mono Congo,15,"Cabuya, Provincia de Puntarenas, Costa Rica",9.595342,-85.092348,68453925
68,444611.0361,1062042.987,Cebus  imitator,,Mono Carablanca,1,"Turrubares, San Jos?®, CR",9.604487,-84.504638,68292428
69,374745.6628,1062566.513,Alouatta palliata,,Mono Congo,15,"Puntarenas, CR-PU, CR",9.607706,-85.141122,68118418
70,374271.519,1063683.296,Cebus  imitator,,Mono Carablanca,16,Villas Monarka,9.617788,-85.145475,68642362
71,644359.6791,1064583.637,Alouatta palliata,,Mono Congo,7,"Lim??n, Costa Rica",9.625322,-82.68478,68388442
72,646235.2973,1064733.241,Alouatta palliata,,Mono Congo,2,"Lim??n, Costa Rica",9.626609,-82.667689,68388686
73,646156.428,1064740.65,Cebus  imitator ,imitator,Mono Carablanca,5,"Lim??n, Costa Rica",9.626679,-82.668407,68388628
74,644443.314,1064791.916,Alouatta palliata,,Mono Congo,7,"Lim??n, Costa Rica",9.627202,-82.68401,68388571
75,644364.7959,1064899.816,Alouatta palliata,,Mono Congo,1,"Lim??n, Costa Rica",9.62818,-82.684722,68388530
76,641439.95,1065817.923,Alouatta palliata,,Mono Congo,1,"Talamanca, Limon, CR",9.63658,-82.711333,68166365
77,648039.5787,1065873.956,Alouatta palliata,,Mono Congo,12,"Lim??n Province, Punta Manzanillo, Costa Rica",9.636857,-82.651213,68388906
78,648169.9327,1065998.613,Alouatta palliata,,Mono Congo,5,"Lim??n, Manzanillo, Costa Rica",9.637979,-82.650021,68388958
79,642456.8961,1065994.88,Alouatta palliata,,Mono Congo,1,"Talamanca, Limon, CR",9.638145,-82.702063,68726521
80,642556.5054,1066032.437,Alouatta palliata,,Mono Congo,1,"Talamanca, Limon, CR",9.638481,-82.701155,68726412
81,467808.3449,1067334.01,Saimiri oerstedii,,Mono Tití,42,"Puntarenas, CR",9.652571,-84.293336,68458343
82,634768.9339,1067752.558,Alouatta palliata,,Mono Congo,7,Costa Rica,9.654291,-82.77204,68389569
83,636631.5977,1068133.303,Alouatta palliata,,Mono Congo,5,"Talamanca, CR-LI, CR",9.657672,-82.755058,68372749
84,468531.8225,1070760.467,Saimiri oerstedii,,Mono Tití,42,"Puntarenas, CR",9.683559,-84.28677,69014399
85,630049.4517,1072631.427,Alouatta palliata,,Mono Congo,15,"Parque Nacional Cahuita, Talamanca, Lim??n, CR",9.698547,-82.814881,68559009
86,630003.0688,1072634.937,Alouatta palliata,,Mono Congo,20,"Parque Nacional Cahuita, Talamanca, Lim??n, CR",9.69858,-82.815304,68656494
87,630029.1531,1072644.617,Alouatta palliata,,Mono Congo,1,"Parque Nacional Cahuita, Talamanca, Lim??n, CR",9.698667,-82.815066,68454719
88,630049.6462,1072671.654,Alouatta palliata,,Mono Congo,1,"Parque Nacional Cahuita, Talamanca, Lim??n, CR",9.69891,-82.814878,68379569
89,626028.4018,1075238.675,Alouatta palliata,,Mono Congo,3,"Lim??n, CR",9.722242,-82.851439,68379685
90,627865.3695,1076642.387,Alouatta palliata,,Mono Congo,10,Costa Rica,9.734875,-82.834656,68335811
91,627388.9073,1076823.518,Cebus  imitator,,Mono Carablanca,1,Parque nacional Cahuita,9.736527,-82.838992,68720243
92,629885.199,1078271.721,Cebus  imitator,,Mono Carablanca,2,"Punta Cahuita, Caf?® Cahuita, Cahuita Main Road, Cahuita, Lim??n, Costa Rica",9.749541,-82.816198,68354885
93,523741.2987,1078177.842,Cebus  imitator ,imitator,Mono Carablanca,10,"Para?¡so, CR-CA, CR",9.750678,-83.783602,68892715
94,361040.6403,1080555.308,Alouatta palliata,,Mono Congo,13,"Provincia de Guanacaste, Costa Rica",9.769887,-85.26657,68691988
95,361040.6403,1080555.308,Alouatta palliata,,Mono Congo,25,"Provincia de Guanacaste, Costa Rica",9.769887,-85.26657,68691988
96,433593.97,1081139.99,Cebus  imitator,,Mono Carablanca,4,"Provincia de Puntarenas, Costa Rica",9.776992,-84.605319,68291281
97,433528.4724,1081597.3,Cebus  imitator,,Mono Carablanca,22,"Provincia de Puntarenas, Costa Rica",9.781125,-84.605923,68425091
98,433540.7079,1081651.508,Alouatta palliata,,Mono Congo,12,"Provincia de Puntarenas, Costa Rica",9.781616,-84.605812,68424934
99,398551.8426,1082367.028,Cebus  imitator,,Mono Carablanca,12,"Puntarenas, CR",9.787367,-84.924749,68129602
100,398631.1814,1082613.384,Cebus  imitator,,Mono Carablanca,1,"Provinz Puntarenas, Costa Rica",9.789596,-84.924032,68467419
101,398573.9823,1082934.279,Cebus  imitator,,Mono Carablanca,22,"Paquera, Provincia de Puntarenas, Costa Rica",9.792496,-84.924561,68861177
102,432941.7371,1084604.343,Cebus  imitator,,Mono Carablanca,1,Cerro Lodge,9.808304,-84.611321,68375855
103,615682.8577,1089467.283,Alouatta palliata,,Mono Congo,4,"Lim??n, Lim??n, CR",9.851178,-82.945306,68644303
104,341546.6966,1090987.547,Alouatta palliata,,Mono Congo,3,"Nandayure, Guanacaste, CR",9.863477,-85.444623,68327003
105,334892.5171,1091995.596,Alouatta palliata,,Mono Congo,7,"V?¡a 160, Nicoya, Guanacaste, CR",9.872323,-85.505317,68326874
106,318666.9938,1096014.386,Alouatta palliata,,Mono Congo,1,"Playa Garza, Provincia de Guanacaste, Garza, Costa Rica",9.907952,-85.653389,68861282
107,318570.7395,1096172.133,Alouatta palliata,,Mono Congo,1,"Guanacaste Province, Costa Rica",9.909374,-85.654274,68861444
108,318261.8973,1096677.502,Alouatta palliata,,Mono Congo,10,"Provincia de Guanacaste, Costa Rica",9.913927,-85.657112,68661091
109,318261.8973,1096677.502,Alouatta palliata,,Mono Congo,25,"Provincia de Guanacaste, Costa Rica",9.913927,-85.657112,68661091
110,470892.3719,1096288.25,Cebus  imitator,,Mono Carablanca,1,"Calle Rodeo, Mora, San Jose, CR",9.914395,-84.265442,68273126
111,317831.0071,1099258.267,Alouatta palliata,,Mono Congo,1,"Guanacaste Province, Costa Rica",9.937233,-85.661157,68724070
112,318329.6092,1100090.032,Alouatta palliata,,Mono Congo,5,"Nicoya, Guanacaste, CR",9.944773,-85.65665,68827666
113,320133.2002,1100215.693,Alouatta palliata,,Mono Congo,1,"Nicoya, CR-GU, CR",9.94599,-85.640213,68868379
114,320810.5196,1100292.196,Alouatta palliata,,Mono Congo,1,"Nicoya, Guanacaste, CR",9.946712,-85.634042,68518863
115,316769.9847,1100359.833,Alouatta palliata,,Mono Congo,1,"Nicoya, CR-GU, CR",9.947141,-85.67088,68869993
116,317898.1964,1100770.196,Alouatta palliata,,Mono Congo,1,"Guanacaste Province, Costa Rica",9.950901,-85.660614,68770985
117,317496.0763,1100854.704,Alouatta palliata,,Mono Congo,1,"Nicoya, Guanacaste, CR",9.951647,-85.664283,68737577
118,317496.0763,1100854.704,Alouatta palliata,,Mono Congo,1,"Nicoya, Guanacaste, CR",9.951647,-85.664283,68758176
119,317516.128,1100930.541,Alouatta palliata,,Mono Congo,8,"Nicoya, CR-GU, CR",9.952333,-85.664104,68869503
120,316284.8732,1101137.727,Alouatta palliata,,Mono Congo,1,Miss Sky Canopy Tour,9.954149,-85.675338,68750569
121,316407.788,1101150.99,Alouatta palliata,,Mono Congo,1,"Playa Pelada, Provincia de Guanacaste, Costa Rica",9.954275,-85.674218,68761566
122,316472.3223,1101973.725,Alouatta palliata,,Mono Congo,1,"Provincia de Guanacaste, Costa Rica",9.961714,-85.673668,68738356
123,316484.0945,1101984.85,Alouatta palliata,,Mono Congo,1,"Provincia de Guanacaste, Costa Rica",9.961815,-85.673561,68738345
124,316485.782,1101987.585,Alouatta palliata,,Mono Congo,1,"Provincia de Guanacaste, Costa Rica",9.96184,-85.673546,68738381
125,316239.1362,1102075.68,Alouatta palliata,,Mono Congo,10,"Guanacaste Province, Costa Rica",9.962625,-85.675799,68759769
126,316359.0439,1102079.288,Alouatta palliata,,Mono Congo,1,"Provincia de Guanacaste, Costa Rica",9.962663,-85.674706,68758391
127,316359.8844,1102080.023,Alouatta palliata,,Mono Congo,1,"Provincia de Guanacaste, Costa Rica",9.962669,-85.674698,68758270
128,316515.523,1102189.507,Alouatta palliata,,Mono Congo,14,"Guanacaste Province, Costa Rica",9.963666,-85.673284,68765161
129,316069.4879,1102222.916,Alouatta palliata,,Mono Congo,1,"Guanacaste Province, Costa Rica",9.963948,-85.677352,68764741
130,317274.9485,1103486.181,Alouatta palliata,,Mono Congo,1,"Santa Marta, Provincia de Guanacaste, Nosara, Costa Rica",9.97542,-85.66642,68870389
131,318574.8689,1103558.21,Alouatta palliata,,Mono Congo,1,"Nosara Airport, Nicoya, Guanacaste, CR",9.97613,-85.654572,68506778
132,319229.0675,1103953.583,Alouatta palliata,,Mono Congo,1,Nosara,9.979733,-85.648625,68736746
133,319229.0848,1103953.587,Alouatta palliata,,Mono Congo,1,"Costa Rica, Guanacaste, Nosara",9.979733,-85.648625,68870364
134,319229.0848,1103953.587,Alouatta palliata,,Mono Congo,1,"Costa Rica, Guanacaste, Nosara",9.979733,-85.648625,68870364
135,319195.5607,1104212.798,Cebus  imitator,,Mono Carablanca,1,"Nosara, Nicoya, Guanacaste, CR",9.982074,-85.648942,68843134
136,319216.2662,1104213.588,Alouatta palliata,,Mono Congo,1,"Nosara, Nicoya, Guanacaste, CR",9.982082,-85.648754,68779700
137,319209.1422,1104215.725,Alouatta palliata,,Mono Congo,1,"Nosara, Nicoya, Guanacaste, CR",9.982101,-85.648819,68779861
138,319191.2576,1104217.353,Alouatta palliata,,Mono Congo,1,"Nosara, Nicoya, Guanacaste, CR",9.982115,-85.648982,68843215
139,319213.3572,1104217.564,Alouatta palliata,,Mono Congo,1,"Nosara, Nicoya, Guanacaste, CR",9.982118,-85.64878,68779731
140,319205.5572,1104218.218,Alouatta palliata,,Mono Congo,1,"Nosara, Nicoya, Guanacaste, CR",9.982124,-85.648852,68779602
141,319194.5146,1104228.077,Alouatta palliata,,Mono Congo,1,"Nosara, Nicoya, Guanacaste, CR",9.982212,-85.648953,68843327
142,319215.0472,1104229.272,Alouatta palliata,,Mono Congo,1,"Nosara, Nicoya, Guanacaste, CR",9.982224,-85.648766,68733805
143,411883.8673,1104481.945,Alouatta palliata,,Mono Congo,1,"Provincia de Puntarenas, Pitahaya, Costa Rica",9.987617,-84.803716,68862455
144,318425.2921,1104859.213,Cebus  imitator,,Mono Carablanca,1,"Guanacaste Province, Nosara, Costa Rica",9.987882,-85.655995,68861619
145,318638.6069,1104887.045,Alouatta palliata,,Mono Congo,20,"Guanacaste Province, Nosara, Costa Rica",9.988143,-85.654051,68763880
146,318639.716,1104888.011,Cebus  imitator,,Mono Carablanca,1,"Guanacaste Province, Nosara, Costa Rica",9.988152,-85.654041,68764231
147,317171.3601,1105046.616,Alouatta palliata,,Mono Congo,1,"Guanacaste Province, Costa Rica",9.989519,-85.667436,68763413
148,431511.593,1105901.256,Alouatta palliata,,Mono Congo,11,"Provincia de Puntarenas, Macacona, Costa Rica",10.000833,-84.624722,68447766
149,432262.0333,1107483.537,Cebus  imitator,,Mono Carablanca,3,"Provincia de Puntarenas, Macacona, Costa Rica",10.015152,-84.617904,68514868
150,466588.839,1107836.437,Alouatta palliata,,Mono Congo,5,"Grecia, Alajuela, CR",10.018777,-84.304784,68641623
151,466595.2132,1107846.216,Alouatta palliata,,Mono Congo,4,"Grecia, Alajuela, CR",10.018866,-84.304725,68255474
152,467530.8756,1108085.316,Cebus  imitator,,Mono Carablanca,13,"Grecia, Alajuela, CR",10.021036,-84.296192,68929465
153,466596.0785,1108095.924,Alouatta palliata,,Mono Congo,3,"V?¡a 717, Grecia, Alajuela, CR",10.021124,-84.30472,67834562
154,429738.3398,1108737.779,Alouatta palliata,,Mono Congo,9,"Provincia de Puntarenas, Costa Rica",10.026448,-84.640947,69954552
155,432219.4683,1109176.702,Cebus  imitator,,Mono Carablanca,10,"Puntarenas Province, Macacona, Costa Rica",10.03046,-84.618322,68841920
156,312198.9433,1110152.69,Alouatta palliata,,Mono Congo,1,"Pachamama, Guanacaste Province, Costa Rica",10.035436,-85.713014,68724735
157,447737.0289,1110510.194,Alouatta palliata,,Mono Congo,7,"San Ram??n, Alajuela, CR",10.04275,-84.476786,68166327
158,447945.1926,1113490.054,Alouatta palliata,,Mono Congo,5,"San Ram??n, Alajuela, CR",10.069695,-84.474926,68166995
159,419303.301,1114813.263,Alouatta palliata,,Mono Congo,16,"Final Calle Las Brujas, Puntarenas Province, Miramar, Costa Rica",10.08118,-84.736257,68421706
160,419320.3555,1114847.143,Alouatta palliata,,Mono Congo,5,"Provincia de Puntarenas, Miramar, Costa Rica",10.081487,-84.736102,68241893
161,451686.1498,1114888.857,Alouatta palliata,,Mono Congo,12,"San Ram??n, Alajuela, CR",10.08239,-84.440813,68249526
162,447087.5581,1115255.766,Alouatta palliata,,Mono Congo,14,"San Ram??n, Alajuela, CR",10.085649,-84.482774,68166555
163,395338.0706,1116656.102,Alouatta palliata,,Mono Congo,1,"Provincia de Puntarenas, Manzanillo, Costa Rica",10.09728,-84.954941,68621537
164,395338.0706,1116656.102,Alouatta palliata,,Mono Congo,1,"Provincia de Puntarenas, Manzanillo, Costa Rica",10.09728,-84.954941,68621537
165,562051.9198,1119021.84,Alouatta palliata,,Mono Congo,10,"Lim??n, Costa Rica",10.119567,-83.43378,68154835
166,550320.8251,1120086.045,Alouatta palliata,,Mono Congo,3,"Lim??n, Costa Rica",10.129355,-83.540809,68511172
167,399030.1731,1124221.545,Cebus  imitator,,Mono Carablanca,1,"Guanacaste Province, Costa Rica",10.165773,-84.921452,68671770
168,348152.5753,1128776.97,Alouatta palliata,,Mono Congo,1,"Provincia de Guanacaste, Costa Rica",10.205315,-85.385862,68549149
169,325128.9201,1128887.157,Alouatta palliata,,Mono Congo,7,"Prov?¡ncia de Guanacaste, Costa Rica",10.205351,-85.595943,68446809
170,306457.8982,1134420.526,Alouatta palliata,,Mono Congo,9,"Santa Cruz, Guanacaste, CR",10.254481,-85.766566,69765248
171,307074.1864,1135666.71,Alouatta palliata,,Mono Congo,15,"Prov?¡ncia de Guanacaste, Costa Rica",10.265774,-85.761005,68446770
172,416850.1691,1135916.528,Ateles geoffroyi,,Mono Araña,18,Costa Rica,10.271923,-84.759088,68506506
173,562884.1878,1136117.132,Ateles geoffroyi,,Mono Araña,2,"Lim??n, CR",10.274117,-83.425909,68602638
174,310114.2077,1136574.804,Alouatta palliata,,Mono Congo,7,"Prov?¡ncia de Guanacaste, Costa Rica",10.27413,-85.733309,68491804
175,339557.2044,1136667.949,Alouatta palliata,,Mono Congo,7,"V?¡a 150, Nicoya, Guanacaste, CR",10.276297,-85.464619,68103226
176,302936.8863,1136867.307,Alouatta palliata,,Mono Congo,17,"Prov?¡ncia de Guanacaste, Costa Rica",10.276417,-85.798818,68276709
177,398203.7768,1137244.842,Alouatta palliata,,Mono Congo,1,"La Sierra, Provincia de Guanacaste, Costa Rica",10.283489,-84.929335,68888625
178,307198.5893,1137999.107,Alouatta palliata,,Mono Congo,7,"Prov?¡ncia de Guanacaste, Costa Rica",10.286859,-85.759986,68491476
179,378916.8817,1137749.734,Alouatta palliata,,Mono Congo,3,"Unnamed Road, Provincia de Guanacaste, Costa Rica",10.2875,-85.105408,68108265
180,305489.6448,1138095.62,Alouatta palliata,,Mono Congo,7,"Prov?¡ncia de Guanacaste, Costa Rica",10.287646,-85.775586,68491203
181,306834.9933,1138140.691,Alouatta palliata,,Mono Congo,1,"Prov?¡ncia de Guanacaste, Costa Rica",10.28812,-85.763311,68491267
182,304137.615,1138217.162,Alouatta palliata,,Mono Congo,8,"Black Stallion Eco Park & Estates, Tamarindo, Santa Cruz, Costa Rica, Provincia de Guanacaste, Costa Rica",10.288677,-85.78793,68517440
183,311596.7925,1138193.16,Alouatta palliata,,Mono Congo,1,"El Trapiche, Provincia de Guanacaste, Costa Rica",10.288828,-85.719859,68492142
184,311777.2792,1138566.938,Alouatta palliata,,Mono Congo,18,"Prov?¡ncia de Guanacaste, Costa Rica",10.292215,-85.718231,68491999
185,303102.7528,1138647.975,Alouatta palliata,,Mono Congo,8,"Prov?¡ncia de Guanacaste, Costa Rica",10.292518,-85.797395,68394082
186,298126.4728,1138989.843,Alouatta palliata,,Mono Congo,3,"Calle Valencia, Tamarindo, Provincia di Guanacaste, CR",10.295352,-85.842824,68447291
187,298166.3006,1139014.31,Alouatta palliata,,Mono Congo,1,"Calle Valencia, Tamarindo, Provincia di Guanacaste, CR",10.295575,-85.842462,68407533
188,297864.9555,1139084.719,Alouatta palliata,,Mono Congo,1,"Tamarindo, Provincia di Guanacaste, CR",10.296196,-85.845215,68220798
189,509903.7434,1138506.394,Cebus  imitator ,imitator,Mono Carablanca,6,"Heredia, Sarapiqu?¡, Costa Rica",10.296215,-83.909578,68607190
190,306752.981,1139136.23,Alouatta palliata,,Mono Congo,11,"Prov?¡ncia de Guanacaste, Costa Rica",10.297114,-85.76411,68492371
191,412849.0565,1139323.75,Cebus  imitator,,Mono Carablanca,1,Reserva biol??gica Bosque Nuboso Monteverde,10.30264,-84.79569,68326870
192,511669.6344,1139278.347,Alouatta palliata,,Mono Congo,9,"Heredia, Sarapiqu?¡, Costa Rica",10.30319,-83.893453,68606470
193,298784.8148,1140189.466,Alouatta palliata,,Mono Congo,14,"Guanacaste Province, Tamarindo, Costa Rica",10.306227,-85.836879,68350703
194,511349.8434,1139687.727,Alouatta palliata,,Mono Congo,3,"Heredia, La Villalobos, Costa Rica",10.306893,-83.896371,68607380
195,374046.2779,1140433.137,Alouatta palliata,,Mono Congo,4,"Provincia de Guanacaste, Costa Rica",10.311603,-85.149955,68406884
196,374038.4689,1140467.685,Cebus  imitator,,Mono Carablanca,27,"Provincia de Guanacaste, Costa Rica",10.311915,-85.150027,68369242
197,369299.5549,1140571.875,Cebus  imitator,,Mono Carablanca,6,"Unnamed Road, Provincia de Guanacaste, Costa Rica",10.3127,-85.193291,68840006
198,374676.0639,1140924.905,Cebus  imitator,,Mono Carablanca,15,"Ca??as, Guanacaste, CR",10.316069,-85.144222,68273780
199,374346.5002,1141050.626,Cebus  imitator,,Mono Carablanca,14,"Provincia de Guanacaste, Costa Rica",10.317195,-85.147234,68283445
200,374303.5646,1141122.937,Alouatta palliata,,Mono Congo,9,"Provincia de Guanacaste, Costa Rica",10.317847,-85.147629,68273894
201,374490.8074,1141185.811,Alouatta palliata,,Mono Congo,9,"Provincia de Guanacaste, Costa Rica",10.318422,-85.145922,68102285
202,374557.865,1141369.399,Cebus  imitator,,Mono Carablanca,14,"Ca??as, Guanacaste, CR",10.320083,-85.145315,68101228
203,366624.1341,1141863.687,Alouatta palliata,,Mono Congo,15,"Parque Nacional Palo Verde, Bagaces, Guanacaste, CR",10.324287,-85.217758,68114935
204,366637.5002,1141873.776,Cebus  imitator,,Mono Carablanca,8,"Parque Nacional Palo Verde, Bagaces, Guanacaste, CR",10.324378,-85.217637,68115418
205,374817.0194,1142312.21,Alouatta palliata,,Mono Congo,7,"Ca??as, CR-GU, CR",10.328615,-85.14298,68103873
206,374384.4219,1142356.15,Alouatta palliata,,Mono Congo,12,"Provincia de Guanacaste, Costa Rica",10.328998,-85.146931,68100626
207,364007.903,1142435.173,Cebus  imitator,,Mono Carablanca,3,"Parque Nacional Palo Verde, Bagaces, Guanacaste, CR",10.329362,-85.241662,68190044
208,409288.7599,1142301.123,Cebus  imitator,,Mono Carablanca,1,"Puntarenas Province, Monteverde, Costa Rica",10.329476,-84.828264,68780216
209,409288.7599,1142301.123,Cebus  imitator,,Mono Carablanca,1,"Puntarenas Province, Monteverde, Costa Rica",10.329476,-84.828264,68780216
210,409234.5153,1142317.069,Cebus  imitator,,Mono Carablanca,1,"Puntarenas Province, Monteverde, Costa Rica",10.329619,-84.828759,68275181
211,375110.1073,1142448.495,Cebus  imitator,,Mono Carablanca,17,"Ca??as, CR-GU, CR",10.329856,-85.140309,68105781
212,409341.3367,1142436.087,Alouatta palliata,,Mono Congo,1,"Puntarenas Province, Monteverde, Costa Rica",10.330697,-84.827787,68527722
213,409423.5855,1142463.079,Alouatta palliata,,Mono Congo,1,"Puntarenas Province, Monteverde, Costa Rica",10.330943,-84.827037,68625641
214,409429.5461,1142464.802,Alouatta palliata,,Mono Congo,1,"Puntarenas Province, Monteverde, Costa Rica",10.330959,-84.826982,68625520
215,409435.0502,1142465.645,Alouatta palliata,,Mono Congo,1,"Puntarenas Province, Monteverde, Costa Rica",10.330967,-84.826932,67938635
216,375322.1493,1142576.464,Alouatta palliata,,Mono Congo,11,"Provincia de Guanacaste, Costa Rica",10.33102,-85.138377,68105074
217,409418.3066,1142476.142,Alouatta palliata,,Mono Congo,1,"Puntarenas Province, Monteverde, Costa Rica",10.331061,-84.827085,68474910
218,301122.066,1142982.56,Alouatta palliata,,Mono Congo,18,"Prov?¡ncia de Guanacaste, Costa Rica",10.331589,-85.815695,68343419
219,368482.625,1142695.136,Alouatta palliata,,Mono Congo,1,"Unnamed Road, Provincia de Guanacaste, Costa Rica",10.331866,-85.200821,68121962
220,368485.1563,1142701.562,Alouatta palliata,,Mono Congo,1,"Unnamed Road, Provincia de Guanacaste, Costa Rica",10.331924,-85.200798,68763494
221,368484.3226,1142702.093,Alouatta palliata,,Mono Congo,2,"Unnamed Road, Provincia de Guanacaste, Costa Rica",10.331929,-85.200806,68839713
222,368418.7028,1142808.999,Alouatta palliata,,Mono Congo,9,"Unnamed Road, Provincia de Guanacaste, Costa Rica",10.332893,-85.201408,68839616
223,368417.9187,1142822.716,Alouatta palliata,,Mono Congo,2,"Unnamed Road, Provincia de Guanacaste, Costa Rica",10.333017,-85.201416,68191951
224,373922.4062,1142843.35,Alouatta palliata,,Mono Congo,7,"Provincia de Guanacaste, Costa Rica",10.333387,-85.151165,68423868
225,374003.9816,1142876.405,Cebus  imitator,,Mono Carablanca,13,"Provincia de Guanacaste, Costa Rica",10.333689,-85.150421,68681897
226,301041.2118,1143415.603,Alouatta palliata,,Mono Congo,34,"Prov?¡ncia de Guanacaste, Costa Rica",10.335498,-85.816455,68343506
227,301262.0703,1143525.378,Alouatta palliata,,Mono Congo,14,"Prov?¡ncia de Guanacaste, Costa Rica",10.336502,-85.814445,68343268
228,411406.4644,1143185.024,Alouatta palliata,,Mono Congo,9,"Provincia de Puntarenas, Monteverde, Costa Rica",10.337516,-84.808949,68835976
229,411406.4644,1143185.024,Alouatta palliata,,Mono Congo,9,"Provincia de Puntarenas, Monteverde, Costa Rica",10.337516,-84.808949,68835976
230,297989.8931,1143881.533,Alouatta palliata,,Mono Congo,115,"Playa Grande, Provincia de Guanacaste, Costa Rica",10.339551,-85.844328,68394005
231,373728.6417,1143689.211,Alouatta palliata,,Mono Congo,22,"Provincia de Guanacaste, Costa Rica",10.341027,-85.152962,68272994
232,303172.9792,1144233.95,Alouatta palliata,,Mono Congo,8,"Prov?¡ncia de Guanacaste, Costa Rica",10.343003,-85.797041,68393857
233,412813.9871,1143867.357,Cebus  imitator,,Mono Carablanca,7,Reserva de Santa Elena,10.343717,-84.796114,68521014
234,412813.9871,1143867.357,Cebus  imitator,,Mono Carablanca,7,Reserva de Santa Elena,10.343717,-84.796114,68521014
235,374087.3145,1144003.552,Alouatta palliata,,Mono Congo,15,"Reserva Forestal Taboga, Ca??as, Guanacaste, CR",10.343881,-85.149698,68346918
236,300859.1818,1144357.55,Alouatta palliata,,Mono Congo,10,"Prov?¡ncia de Guanacaste, Costa Rica",10.344001,-85.818165,68492658
237,353458.9543,1144215.564,Alouatta palliata,,Mono Congo,1,"Parque Nacional Palo Verde, Bagaces, Guanacaste, CR",10.34507,-85.338028,68190210
238,353431.4064,1144220.289,Cebus  imitator,,Mono Carablanca,12,"Parque Nacional Palo Verde, Bagaces, Guanacaste, CR",10.345112,-85.33828,68190439
239,371268.0085,1144267.664,Alouatta palliata,,Mono Congo,1,"Unnamed Road, Provincia de Guanacaste, Costa Rica",10.346175,-85.175446,68412957
240,371268.0085,1144267.664,Alouatta palliata,,Mono Congo,1,"Unnamed Road, Provincia de Guanacaste, Costa Rica",10.346175,-85.175446,68576842
241,299919.5013,1144613.587,Alouatta palliata,,Mono Congo,11,"Prov?¡ncia de Guanacaste, Costa Rica",10.346267,-85.826755,68394394
242,352435.8923,1144400.565,Alouatta palliata,,Mono Congo,1,"Parque Nacional Palo Verde, Bagaces, Guanacaste, CR",10.346703,-85.347375,68190574
243,371335.3372,1144396.545,Cebus  imitator,,Mono Carablanca,5,"Unnamed Road, Provincia de Guanacaste, Costa Rica",10.347342,-85.174835,68345020
244,371335.5634,1144457.944,Alouatta palliata,,Mono Congo,12,"Unnamed Road, Provincia de Guanacaste, Costa Rica",10.347898,-85.174835,68191276
245,371143.3871,1144465.51,Cebus  imitator,,Mono Carablanca,2,"Unnamed Road, Provincia de Guanacaste, Costa Rica",10.34796,-85.17659,68295691
246,371143.3871,1144465.51,Cebus  imitator,,Mono Carablanca,8,"Unnamed Road, Provincia de Guanacaste, Costa Rica",10.34796,-85.17659,68344210
247,371407.5675,1144495.025,Alouatta palliata,,Mono Congo,6,"Unnamed Road, Provincia de Guanacaste, Costa Rica",10.348235,-85.174179,68337267
248,371456.1277,1144519.849,Alouatta palliata,,Mono Congo,10,"Unnamed Road, Provincia de Guanacaste, Costa Rica",10.348461,-85.173737,68345303
249,399870.1576,1145178.283,Alouatta palliata,,Mono Congo,4,Mirador El ?üngel,10.355255,-84.914331,68549597
250,399870.1576,1145178.283,Cebus  imitator,,Mono Carablanca,21,Mirador El ?üngel,10.355255,-84.914331,68549755
251,566580.2955,1145330.17,Cebus  imitator,,Mono Carablanca,1,"Tortuguero National Park, Tortuguero, CR-LI-PO, CR-LI, CR",10.357352,-83.392008,68988092
252,566580.2955,1145330.17,Cebus  imitator,,Mono Carablanca,1,"Tortuguero National Park, Tortuguero, CR-LI-PO, CR-LI, CR",10.357352,-83.392008,68988092
253,546763.0246,1145777.35,Ateles geoffroyi,,Mono Araña,1,"Lim??n, CR",10.361686,-83.572964,68604090
254,371453.3429,1146259.413,Alouatta palliata,,Mono Congo,12,"Unnamed Road, Provincia de Guanacaste, Costa Rica",10.364186,-85.17382,68278848
255,371614.638,1146264.621,Alouatta palliata,,Mono Congo,6,"Unnamed Road, Provincia de Guanacaste, Costa Rica",10.364239,-85.172348,68407630
256,371576.2456,1146277.211,Alouatta palliata,,Mono Congo,8,"Unnamed Road, Provincia de Guanacaste, Costa Rica",10.364351,-85.172699,68565131
257,371228.9106,1146354.556,Alouatta palliata,,Mono Congo,5,"Unnamed Road, Provincia de Guanacaste, Costa Rica",10.365039,-85.175873,68191479
258,553393.4534,1146429.029,Alouatta palliata,,Mono Congo,3,"Colorado, Lim??n, Pococ?¡, Costa Rica",10.367492,-83.512407,68608677
259,305128.8997,1147254.487,Alouatta palliata,,Mono Congo,14,"Provincia de Guanacaste, Huacas, Costa Rica",10.370399,-85.779343,68446610
260,372658.0115,1148234.232,Alouatta palliata,,Mono Congo,6,"Unnamed Road, Provincia de Guanacaste, Costa Rica",10.382078,-85.162888,68191661
261,301213.691,1149272.479,Alouatta palliata,,Mono Congo,1,"Santa Cruz, CR-GU, CR",10.388436,-85.815186,68747097
262,302454.4287,1150083.866,Alouatta palliata,,Mono Congo,1,"Santa Cruz, CR-GU, CR",10.395833,-85.803902,68778404
263,301417.856,1150139.765,Alouatta palliata,,Mono Congo,2,"Santa Cruz, CR-GU, CR",10.396285,-85.813367,69019386
264,301110.4085,1150180.057,Alouatta palliata,,Mono Congo,17,"Santa Cruz, CR-GU, CR",10.396633,-85.816176,68935529
265,301224.9273,1150218.265,Alouatta palliata,,Mono Congo,22,"Santa Cruz, CR-GU, CR",10.396984,-85.815132,68935489
266,354948.6251,1150149.275,Cebus  imitator,,Mono Carablanca,13,"Bagaces, Guanacaste, CR",10.398762,-85.324655,68161162
267,562757.0414,1150121.962,Ateles geoffroyi,,Mono Araña,2,"Lim??n, CR",10.40074,-83.42684,68128383
268,545574.8658,1150241.696,Ateles geoffroyi,,Mono Araña,2,"Lim??n, CR",10.402065,-83.58376,68427870
269,546074.2079,1150358.263,Ateles geoffroyi,,Mono Araña,2,"Lim??n, CR",10.403113,-83.579198,68499002
270,304011.9561,1150944.731,Alouatta palliata,,Mono Congo,1,"Guanacaste Province, Brasilito, Costa Rica",10.403692,-85.789728,68371280
271,555363.4079,1150751.461,Ateles geoffroyi,,Mono Araña,1,"Lim??n, CR",10.406545,-83.494355,68964878
272,555363.4079,1150751.461,Ateles geoffroyi,,Mono Araña,1,"Lim??n, CR",10.406545,-83.494355,68964878
273,500502.0073,1151402.727,Ateles geoffroyi,,Mono Araña,1,Costa Rica,10.412832,-83.995415,68272170
274,559457.9812,1152210.641,Ateles geoffroyi,,Mono Araña,4,"Lim??n, CR",10.419677,-83.456937,68348966
275,361196.6196,1152452.192,Alouatta palliata,,Mono Congo,10,"Guanacaste Province, Bagaces, Costa Rica",10.41981,-85.26769,68603895
276,559820.8662,1152328.617,Ateles geoffroyi,,Mono Araña,5,"Lim??n, CR",10.420738,-83.453621,68427771
277,419561.5429,1152890.557,Cebus  imitator,,Mono Carablanca,12,"La Fortuna, Provincia de Alajuela, San Carlos, Costa Rica",10.425441,-84.734694,68740606
278,419561.5429,1152890.557,Cebus  imitator,,Mono Carablanca,12,"La Fortuna, Provincia de Alajuela, San Carlos, Costa Rica",10.425441,-84.734694,68740606
279,420171.4158,1153006.442,Alouatta palliata,,Mono Congo,13,"La Fortuna, Provincia de Alajuela, San Carlos, Costa Rica",10.426501,-84.729127,68740803
280,549963.3887,1153042.465,Ateles geoffroyi,,Mono Araña,2,"Lim??n, CR",10.427333,-83.543643,68182749
281,491851.0702,1153358.059,Alouatta palliata,,Mono Congo,4,"Heredia, Sarapiqu?¡, Costa Rica",10.430503,-84.074432,68567522
282,492499.3865,1153563.559,Alouatta palliata,,Mono Congo,8,"Heredia, Sarapiqu?¡, Costa Rica",10.432363,-84.068511,68578432
283,418111.7051,1153812.293,Ateles geoffroyi,,Mono Araña,5,"Alajuela, CR",10.433744,-84.747956,68711106
284,354124.2494,1154179.267,Alouatta palliata,,Mono Congo,4,"Bagaces, Guanacaste, CR",10.435159,-85.332336,68505657
285,422427.6214,1154132.185,Alouatta palliata,,Mono Congo,6,"La Fortuna, Provincia de Alajuela, San Carlos, Costa Rica",10.436726,-84.708543,68711678
286,553753.7609,1154162.128,Ateles geoffroyi,,Mono Araña,3,"Lim??n, CR",10.437405,-83.509008,68385269
287,491341.647,1154192.139,Alouatta palliata,,Mono Congo,1,Costa Rica,10.438043,-84.079087,68567375
288,385427.4678,1154950.419,Alouatta palliata,,Mono Congo,14,"Libano - Javilla, Provincia de Guanacaste, Costa Rica",10.443194,-85.046494,68576616
289,488576.4009,1154856.882,Alouatta palliata,,Mono Congo,1,"Heredia, Sarapiqu?¡, Costa Rica",10.444047,-84.104348,68298272
290,556530.1324,1155714.983,Ateles geoffroyi,,Mono Araña,2,"Lim??n, CR",10.451404,-83.483626,68123984
291,560567.6847,1155730.997,Ateles geoffroyi,,Mono Araña,1,"Lim??n, CR",10.451487,-83.446746,68385214
292,469276.2888,1155903.045,Alouatta palliata,,Mono Congo,1,"Provincia de Alajuela, Pital, Costa Rica",10.453399,-84.28065,68429757
293,564584.5199,1155991.586,Ateles geoffroyi,,Mono Araña,7,"Lim??n, CR",10.453778,-83.410051,68108107
294,565282.2897,1156167.934,Ateles geoffroyi,,Mono Araña,10,"Lim??n, CR",10.45536,-83.403674,68295161
295,395501.6832,1156320.318,Cebus  imitator,,Mono Carablanca,6,"Provincia de Guanacaste, Tilar?ín, Costa Rica",10.455867,-84.954524,68569190
296,395501.6832,1156320.318,Cebus  imitator,,Mono Carablanca,6,"Provincia de Guanacaste, Tilar?ín, Costa Rica",10.455867,-84.954524,68569190
297,470325.6543,1156228.494,Alouatta palliata,,Mono Congo,7,"Parada de San Carlos - Boca Tapada, Provincia de Alajuela, Pital, Costa Rica",10.45635,-84.271067,68349971
298,544809.5711,1156256.393,Ateles geoffroyi,,Mono Araña,6,"Lim??n, CR",10.456455,-83.590679,68375022
299,493690.0863,1156341.457,Alouatta palliata,,Mono Congo,2,"Heredia, Sarapiqu?¡, Costa Rica",10.457481,-84.05764,68777678
300,505914.0833,1156356.227,Alouatta palliata,,Mono Congo,1,"Sarapiqu?¡, Heredia, CR",10.457616,-83.945976,68273294
301,546370.8196,1156771.193,Ateles geoffroyi,,Mono Araña,1,"Lim??n, CR",10.461091,-83.576411,68667131
302,549740.7611,1157004.576,Ateles geoffroyi,,Mono Araña,2,"Lim??n, CR",10.463158,-83.545625,68447839
303,549841.4927,1157201.894,Ateles geoffroyi,,Mono Araña,4,"Lim??n, CR",10.464941,-83.544702,68375000
304,564983.1038,1157635.007,Ateles geoffroyi,,Mono Araña,1,"Lim??n, CR",10.468629,-83.406382,68516230
305,395003.4956,1158198.423,Alouatta palliata,,Mono Congo,9,"Provincia de Guanacaste, Tilar?ín, Costa Rica",10.472832,-84.959126,68704810
306,395003.4956,1158198.423,Alouatta palliata,,Mono Congo,9,"Provincia de Guanacaste, Tilar?ín, Costa Rica",10.472832,-84.959126,68704810
307,470564.9789,1158431.643,Alouatta palliata,,Mono Congo,1,"Provincia de Alajuela, San Carlos, Costa Rica",10.476272,-84.268898,68571554
308,547722.3816,1158560.05,Ateles geoffroyi,,Mono Araña,3,"Lim??n, CR",10.477248,-83.564042,68896013
309,547111.1176,1158777.797,Ateles geoffroyi,,Mono Araña,1,"Lim??n, CR",10.479224,-83.569624,68182081
310,556460.3763,1159157.904,Ateles geoffroyi,,Mono Araña,10,"Lim??n, CR",10.482534,-83.484211,68107064
311,547134.5267,1159254.271,Ateles geoffroyi,,Mono Araña,8,"Lim??n, CR",10.483532,-83.569404,68106161
312,348648.6507,1160044.547,Cebus  imitator,,Mono Carablanca,12,"Provincia de Guanacaste, Bagaces, Costa Rica",10.487963,-85.382572,68522393
313,564954.5996,1160130.676,Ateles geoffroyi,,Mono Araña,2,"Lim??n, CR",10.491193,-83.406599,68112342
314,348467.4209,1160488.923,Cebus  imitator,,Mono Carablanca,9,"Provincia de Guanacaste, Bagaces, Costa Rica",10.491972,-85.384245,68762754
315,404887.1985,1160340.16,Alouatta palliata,,Mono Congo,9,"Provincia de Guanacaste, Costa Rica",10.492454,-84.868902,68703532
316,404887.1985,1160340.16,Alouatta palliata,,Mono Congo,13,"Provincia de Guanacaste, Costa Rica",10.492454,-84.868902,68703532
317,392160.3837,1161039.312,Alouatta palliata,,Mono Congo,5,"Unnamed Road, Guanacaste Province, Costa Rica",10.498435,-84.985176,68806001
318,349354.4828,1161538.592,Alouatta palliata,,Mono Congo,10,"Bagaces, CR-GU, CR",10.501495,-85.376185,68505624
319,399250.9816,1161452.383,Alouatta palliata,,Mono Congo,12,"Provincia de Guanacaste, Costa Rica",10.502364,-84.920416,68734835
320,399250.9816,1161452.383,Alouatta palliata,,Mono Congo,12,"Provincia de Guanacaste, Costa Rica",10.502364,-84.920416,68734835
321,556177.438,1161419.181,Ateles geoffroyi,,Mono Araña,1,"Lim??n, CR",10.502983,-83.486762,68020822
322,395509.5857,1161791.051,Alouatta palliata,,Mono Congo,6,"Provincia de Guanacaste, Costa Rica",10.505325,-84.954603,68214394
323,349946.1268,1161998.581,Alouatta palliata,,Mono Congo,8,"Bagaces, CR-GU, CR",10.505676,-85.3708,68494204
324,396511.6201,1161995.852,Alouatta palliata,,Mono Congo,4,"Provincia de Guanacaste, Costa Rica",10.507203,-84.945455,68827692
325,396511.6201,1161995.852,Alouatta palliata,,Mono Congo,4,"Provincia de Guanacaste, Costa Rica",10.507203,-84.945455,68827692
326,350190.1599,1162237.86,Cebus  imitator,,Mono Carablanca,18,"Reserva Biol??gica Lomas De Barbudal, Bagaces, Guanacaste, CR",10.507849,-85.36858,68494726
327,350251.8899,1162764.125,Alouatta palliata,,Mono Congo,9,"Reserva Biol??gica Lomas De Barbudal, Bagaces, Guanacaste, CR",10.512608,-85.368037,68505573
328,406115.7943,1162609.435,Alouatta palliata,,Mono Congo,12,"Provincia de Guanacaste, Costa Rica",10.513,-84.857735,68637915
329,406115.7943,1162609.435,Alouatta palliata,,Mono Congo,12,"Provincia de Guanacaste, Costa Rica",10.513,-84.857735,68637915
330,362325.444,1162946.388,Cebus  imitator,,Mono Carablanca,15,"Bagaces, Guanacaste, CR",10.514712,-85.257764,68175660
331,559586.11,1162804.278,Ateles geoffroyi,,Mono Araña,2,"Lim??n, CR",10.515454,-83.4556,68498508
332,358249.6726,1163208.738,Alouatta palliata,,Mono Congo,12,"De posada llanos del cort?®s 3 kilometro camino al pueblo de llanos llegan a la Esquina de la plaza de futbol a mano derecha 2.5 kilometros Guanacaste Bagaces llanos del cortes, Provincia de Guanacaste, Bagaces, Costa Rica",10.516934,-85.295003,68817534
333,382402.4974,1163820.575,Alouatta palliata,,Mono Congo,6,"Provincia de Guanacaste, Costa Rica",10.523289,-85.074396,68734587
334,382402.4974,1163820.575,Alouatta palliata,,Mono Congo,6,"Provincia de Guanacaste, Costa Rica",10.523289,-85.074396,68734587
335,486805.8569,1164036.722,Alouatta palliata,,Mono Congo,2,"Heredia, Sarapiqu?¡, Costa Rica",10.527041,-84.120553,68462391
336,553403.1157,1164134.482,Alouatta palliata,,Mono Congo,5,"Colorado, Lim??n, Pococ?¡, Costa Rica",10.527572,-83.512069,68449893
337,553229.4818,1164158.441,Alouatta palliata,,Mono Congo,5,"Colorado, Lim??n, Pococ?¡, Costa Rica",10.527791,-83.513656,68182971
338,553486.0688,1164184.26,Alouatta palliata,,Mono Congo,1,"Colorado, Lim??n, Pococ?¡, Costa Rica",10.528021,-83.511311,68667160
339,544232.7743,1164213.202,Ateles geoffroyi,,Mono Araña,7,"Lim??n, CR",10.528402,-83.595854,68499908
340,308832.036,1164800.08,Alouatta palliata,,Mono Congo,1,"Provincia de Guanacaste, Costa Rica",10.529151,-85.746427,68328295
341,308833.0601,1164801.115,Alouatta palliata,,Mono Congo,18,"Provincia de Guanacaste, Costa Rica",10.52916,-85.746418,68218976
342,308876.2759,1164833.708,Alouatta palliata,,Mono Congo,1,"Provincia de Guanacaste, Costa Rica",10.529457,-85.746025,68280060
343,308846.4886,1164837.04,Alouatta palliata,,Mono Congo,1,"Provincia de Guanacaste, Costa Rica",10.529486,-85.746297,68776391
344,308858.2082,1164867.322,Alouatta palliata,,Mono Congo,12,"Provincia de Guanacaste, Costa Rica",10.52976,-85.746192,68237890
345,555137.8913,1164396.226,Alouatta palliata,,Mono Congo,4,"Colorado, Lim??n, Pococ?¡, Costa Rica",10.529914,-83.496216,68182071
346,552882.5868,1164429.542,Alouatta palliata,,Mono Congo,2,"Colorado, Lim??n, Pococ?¡, Costa Rica",10.530247,-83.516821,68410969
347,555044.5097,1164536.942,Alouatta palliata,,Mono Congo,12,"Colorado, Lim??n, Pococ?¡, Costa Rica",10.531187,-83.497067,68772701
348,362246.4523,1164791.818,Alouatta palliata,,Mono Congo,17,"Avenida 15A, Bagaces, Guanacaste, CR",10.531391,-85.258553,68168472
349,554999.8064,1164676.754,Cebus  imitator,,Mono Carablanca,1,"Colorado, Lim??n, Pococ?¡, Costa Rica",10.532452,-83.497473,68772641
350,554963.9261,1164717.927,Alouatta palliata,,Mono Congo,1,"Colorado, Lim??n, Pococ?¡, Costa Rica",10.532825,-83.497801,68449846
351,552879.5103,1164729.152,Alouatta palliata,,Mono Congo,7,"Colorado, Lim??n, Pococ?¡, Costa Rica",10.532956,-83.516845,68449938
352,554952.8021,1164734.777,Alouatta palliata,,Mono Congo,8,"Colorado, Lim??n, Pococ?¡, Costa Rica",10.532977,-83.497902,68181703
353,554575.882,1164842.598,Alouatta palliata,,Mono Congo,1,"Colorado, Lim??n, Pococ?¡, Costa Rica",10.533958,-83.501344,68348891
354,554574.9755,1164877.314,Cebus  imitator,,Mono Carablanca,9,"Colorado, Lim??n, Pococ?¡, Costa Rica",10.534272,-83.501352,68348845
355,554844.55,1164898.759,Alouatta palliata,,Mono Congo,2,"Colorado, Lim??n, Pococ?¡, Costa Rica",10.534462,-83.498889,68791626
356,554841.1266,1164910.214,Alouatta palliata,,Mono Congo,3,"Colorado, Lim??n, Pococ?¡, Costa Rica",10.534565,-83.49892,68427966
357,554833.3823,1164924.058,Alouatta palliata,,Mono Congo,11,"Colorado, Lim??n, Pococ?¡, Costa Rica",10.534691,-83.49899,68667255
358,554647.6853,1164932.4,Alouatta palliata,,Mono Congo,4,"Parque Nacional Tortuguero, Pococ?¡, Lim??n, CR",10.534769,-83.500687,68446618
359,554420.745,1164953.294,Alouatta palliata,,Mono Congo,3,"Tortuguero National Park, Tortuguero, CR-LI-PO, CR-LI, CR",10.534961,-83.50276,68301325
360,554827.6102,1164978.367,Cebus  imitator,,Mono Carablanca,1,"Colorado, Lim??n, Pococ?¡, Costa Rica",10.535182,-83.499042,68499332
361,554808.792,1165015.882,Alouatta palliata,,Mono Congo,5,"Colorado, Lim??n, Pococ?¡, Costa Rica",10.535521,-83.499214,68499117
362,554633.6356,1165081.5,Alouatta palliata,,Mono Congo,5,"Colorado, Lim??n, Pococ?¡, Costa Rica",10.536117,-83.500813,68107580
363,554740.7614,1165124.012,Alouatta palliata,,Mono Congo,1,"Colorado, Lim??n, Pococ?¡, Costa Rica",10.5365,-83.499834,68498870
364,553789.8747,1165160.973,Alouatta palliata,,Mono Congo,4,"Colorado, Lim??n, Pococ?¡, Costa Rica",10.536848,-83.508521,68772062
365,553792.4992,1165173.295,Alouatta palliata,,Mono Congo,1,"Colorado, Lim??n, Pococ?¡, Costa Rica",10.536959,-83.508497,68182257
366,554317.73,1165198.34,Cebus  imitator,,Mono Carablanca,1,"Lim??n, Pococ?¡, Costa Rica",10.537178,-83.503698,68964877
367,554317.73,1165198.34,Cebus  imitator,,Mono Carablanca,1,"Lim??n, Pococ?¡, Costa Rica",10.537178,-83.503698,68964877
368,554526.2464,1165202.818,Alouatta palliata,,Mono Congo,6,"Tortuguero, Lim??n, Costa Rica",10.537215,-83.501792,68375073
369,554272.4881,1165216.078,Cebus  imitator,,Mono Carablanca,5,"Lim??n, Pococ?¡, Costa Rica",10.537339,-83.504111,68964879
370,554272.4881,1165216.078,Cebus  imitator,,Mono Carablanca,5,"Lim??n, Pococ?¡, Costa Rica",10.537339,-83.504111,68964879
371,554402.201,1165220.682,Alouatta palliata,,Mono Congo,3,"Colorado, Lim??n, Pococ?¡, Costa Rica",10.537379,-83.502926,68772229
372,554331.7869,1165241.647,Alouatta palliata,,Mono Congo,4,"Colorado, Lim??n, Pococ?¡, Costa Rica",10.537569,-83.503569,68772184
373,554710.6622,1165277.059,Cebus  imitator,,Mono Carablanca,1,"Tortuguero, Lim??n, Costa Rica",10.537884,-83.500106,68498400
374,554436.3933,1165286.84,Cebus  imitator,,Mono Carablanca,1,"Pococ?¡, Lim??n, CR",10.537976,-83.502612,68294758
375,554453.3969,1165295.48,Cebus  imitator,,Mono Carablanca,1,"Pococ?¡, CR-LI, CR",10.538054,-83.502457,68347585
376,554569.8809,1165318.959,Alouatta palliata,,Mono Congo,5,"Pococi, Limon, CR",10.538265,-83.501392,68106229
377,554442.2326,1165330.056,Alouatta palliata,,Mono Congo,6,"Pococ?¡, CR-LI, CR",10.538367,-83.502558,68112317
378,554578.0823,1165332.119,Alouatta palliata,,Mono Congo,11,"Tortuguero, Lim??n, Costa Rica",10.538384,-83.501317,68348720
379,554585.3774,1165333.022,Alouatta palliata,,Mono Congo,5,"Tortuguero, Lim??n, Costa Rica",10.538392,-83.50125,68301352
380,554481.3324,1165363.926,Alouatta palliata,,Mono Congo,1,"Tortuguero, Lim??n, Costa Rica",10.538673,-83.5022,68375051
381,554483.0196,1165444.139,Alouatta palliata,,Mono Congo,12,"Tortuguero, Lim??n, Costa Rica",10.539398,-83.502184,68385980
382,362828.0698,1165732.46,Alouatta palliata,,Mono Congo,10,"164, La Horquetilla, Provincia de Guanacaste, Bagaces, Costa Rica",10.539915,-85.253275,68779864
383,362828.0698,1165732.46,Alouatta palliata,,Mono Congo,10,"164, La Horquetilla, Provincia de Guanacaste, Bagaces, Costa Rica",10.539915,-85.253275,68779864
384,554409.4243,1165535.03,Alouatta palliata,,Mono Congo,1,"Tortuguero, Lim??n, Costa Rica",10.540221,-83.502855,68105198
385,554409.4243,1165535.03,Alouatta palliata,,Mono Congo,4,"Tortuguero, Lim??n, Costa Rica",10.540221,-83.502855,68106051
386,543850.7924,1165564.865,Ateles geoffroyi,,Mono Araña,1,"Lim??n, CR",10.540627,-83.599328,68107437
387,555219.656,1165713.33,Ateles geoffroyi,,Mono Araña,2,"Lim??n, CR",10.541821,-83.495449,68667222
388,554463.7278,1165785.437,Alouatta palliata,,Mono Congo,1,"Tortuguero, Lim??n, Costa Rica",10.542484,-83.502355,69281654
389,311367.1379,1166297.143,Alouatta palliata,,Mono Congo,1,"Carrillo, Guanacaste, CR",10.542808,-85.72335,68556034
390,361698.0716,1166276.933,Alouatta palliata,,Mono Congo,19,"Residencial Don Miguel, Provincia de Guanacaste, Bagaces, Costa Rica",10.544795,-85.263618,68116639
391,365007.0689,1166715.637,Alouatta palliata,,Mono Congo,9,"Bagaces, Guanacaste, CR",10.54888,-85.233405,68830854
392,314479.143,1167270.049,Alouatta palliata,,Mono Congo,5,"Calle La Chorrera, Carrillo, Guanacaste, CR",10.551754,-85.694976,68869883
393,544716.7351,1167003.323,Ateles geoffroyi,,Mono Araña,3,"Lim??n, CR",10.553623,-83.591399,68896127
394,552931.5138,1167670.818,Alouatta palliata,,Mono Congo,1,"Colorado, Lim??n, Pococ?¡, Costa Rica",10.559552,-83.516328,68895922
395,393921.4221,1167946.475,Alouatta palliata,,Mono Congo,12,"Provincia de Guanacaste, Costa Rica",10.560927,-84.969285,68288717
396,554177.7754,1169082.768,Ateles geoffroyi,,Mono Araña,8,"Lim??n, CR",10.5723,-83.50492,68105967
397,554855.5227,1169724.374,Ateles geoffroyi,,Mono Araña,2,"Lim??n, CR",10.578091,-83.498718,68123596
398,387727.1528,1169959.048,Alouatta palliata,,Mono Congo,25,"Provincia de Guanacaste, Costa Rica",10.578942,-85.025939,68820673
399,387727.1528,1169959.048,Alouatta palliata,,Mono Congo,25,"Provincia de Guanacaste, Costa Rica",10.578942,-85.025939,68820673
400,564219.3444,1170302.385,Ateles geoffroyi,,Mono Araña,3,"Lim??n, CR",10.583169,-83.413142,68279175
401,551828.1283,1170320.094,Alouatta palliata,,Mono Congo,6,"Barra Del Colorado Wildlife Refuge, Pococi, Limon, CR",10.58352,-83.526374,68119565
402,551946.582,1170531.34,Alouatta palliata,,Mono Congo,2,"Barra Del Colorado Wildlife Refuge, Pococi, Limon, CR",10.585428,-83.525288,68125020
403,551939.5189,1170578.955,Cebus  imitator,,Mono Carablanca,5,"Barra Del Colorado Wildlife Refuge, Pococi, Limon, CR",10.585859,-83.525352,68125010
404,551861.0405,1170624.44,Alouatta palliata,,Mono Congo,3,"Pococ?¡, CR-LI, CR",10.586271,-83.526069,68234603
405,561049.5473,1171512.405,Ateles geoffroyi,,Mono Araña,3,"Lim??n, CR",10.594162,-83.442088,68118732
406,314918.9457,1173795.282,Alouatta palliata,,Mono Congo,7,"Calle Blanca, Liberia, Guanacaste, CR",10.610748,-85.691282,68927157
407,315036.8119,1173824.901,Alouatta palliata,,Mono Congo,7,"Calle Virador, Liberia, Guanacaste, CR",10.611021,-85.690207,68926848
408,314712.3304,1173863.254,Alouatta palliata,,Mono Congo,9,"Liberia, CR-GU, CR",10.611352,-85.693173,68927722
409,316004.8153,1173957.923,Cebus  imitator,,Mono Carablanca,12,"Oc?®ano Pac?¡fico Norte, Liberia, Guanacaste, CR",10.612271,-85.68137,68928739
410,315697.3044,1174533.031,Alouatta palliata,,Mono Congo,9,"Liberia, CR-GU, CR",10.617453,-85.684208,68930369
411,315787.9561,1174791.22,Alouatta palliata,,Mono Congo,8,"Liberia, CR-GU, CR",10.619791,-85.683392,68930541
412,338463.8954,1174708.607,Alouatta palliata,,Mono Congo,1,"Las Am?®ricas, Provincia de Guanacaste, Costa Rica",10.620086,-85.476219,68812430
413,338463.8969,1174708.915,Alouatta palliata,,Mono Congo,1,"Las Am?®ricas, Provincia de Guanacaste, Costa Rica",10.620089,-85.476219,68812429
414,338439.7366,1174716.695,Alouatta palliata,,Mono Congo,1,"Las Am?®ricas, Provincia de Guanacaste, Costa Rica",10.620158,-85.476441,68298801
415,338437.7374,1174719.762,Alouatta palliata,,Mono Congo,1,"Las Am?®ricas, Provincia de Guanacaste, Costa Rica",10.620186,-85.476459,68336157
416,315720.4714,1175022.427,Alouatta palliata,,Mono Congo,4,"Liberia, CR-GU, CR",10.621877,-85.68402,68930546
417,315719.4547,1175028.631,Alouatta palliata,,Mono Congo,15,"Liberia, Guanacaste, CR",10.621933,-85.68403,68934756
418,316538.8062,1175313.233,Alouatta palliata,,Mono Congo,1,"Calle Noche de Luna, Liberia, Guanacaste, CR",10.624545,-85.676559,68933739
419,315372.5322,1175383.704,Alouatta palliata,,Mono Congo,8,"Calle Prieta, Liberia, Guanacaste, CR",10.625125,-85.687217,68930573
420,316647.501,1175573.544,Cebus  imitator,,Mono Carablanca,22,"Oc?®ano Pac?¡fico Norte, Liberia, Guanacaste, CR",10.626903,-85.675579,68933746
421,315550.4597,1175589.9,Alouatta palliata,,Mono Congo,3,"Liberia, Guanacaste, CR",10.626998,-85.685602,68933737
422,316199.6434,1175606.623,Alouatta palliata,,Mono Congo,6,"Liberia, CR-GU, CR",10.62718,-85.679672,68934754
423,316437.5632,1175685.223,Alouatta palliata,,Mono Congo,17,"Liberia, CR-GU, CR",10.627902,-85.677502,68933742
424,545048.1927,1175379.29,Alouatta palliata,,Mono Congo,7,"Lim??n, Pococ?¡, Costa Rica",10.629348,-83.588269,68964876
425,545048.1927,1175379.29,Alouatta palliata,,Mono Congo,7,"Lim??n, Pococ?¡, Costa Rica",10.629348,-83.588269,68964876
426,318481.8104,1177213.207,Cebus  imitator,,Mono Carablanca,14,"Calle Andaz, Liberia, Guanacaste, CR",10.641811,-85.658901,68935025
427,533860.7728,1177245.275,Alouatta palliata,,Mono Congo,4,"Colorado, Lim??n, Pococ?¡, Costa Rica",10.646337,-83.690502,68427272
428,319028.5988,1177729.466,Alouatta palliata,,Mono Congo,7,"Calle Andaz, Liberia, Guanacaste, CR",10.646503,-85.65393,68935300
429,410651.0718,1177470.035,Alouatta palliata,,Mono Congo,19,"Provincia de Alajuela, Guatuso, Costa Rica",10.647458,-84.816659,68222670
430,535487.7786,1177663.492,Alouatta palliata,,Mono Congo,5,"Colorado, Lim??n, Pococ?¡, Costa Rica",10.650103,-83.675626,68427464
431,318669.1883,1178311.885,Alouatta palliata,,Mono Congo,9,"Liberia, CR-GU, CR",10.65175,-85.657242,68926644
432,561351.9921,1178440.588,Ateles geoffroyi,,Mono Araña,2,Costa Rica,10.656795,-83.43921,68686246
433,317524.8455,1179106.633,Alouatta palliata,,Mono Congo,9,"Liberia, CR-GU, CR",10.658877,-85.667737,68878611
434,536015.311,1179953.697,Cebus  imitator,,Mono Carablanca,3,"Colorado, Lim??n, Pococ?¡, Costa Rica",10.670804,-83.670782,68427711
435,536087.2557,1179971.119,Alouatta palliata,,Mono Congo,5,"Colorado, Lim??n, Pococ?¡, Costa Rica",10.670961,-83.670125,68427562
436,312828.1852,1180544.156,Ateles geoffroyi,,Mono Araña,3,"Guanacaste, CR",10.671637,-85.710722,68933743
437,546166.5752,1180556.516,Ateles geoffroyi,,Mono Araña,3,Costa Rica,10.676143,-83.577983,68698297
438,382962.2774,1183520.274,Alouatta palliata,,Mono Congo,6,"Provincia de Guanacaste, Bagaces, Costa Rica",10.70139,-85.069902,68564264
439,382962.2774,1183520.274,Alouatta palliata,,Mono Congo,6,"Provincia de Guanacaste, Bagaces, Costa Rica",10.70139,-85.069902,68564264
440,366704.5077,1184412.901,Alouatta palliata,,Mono Congo,12,"Provincia de Guanacaste, Guayabo, Costa Rica",10.708914,-85.218533,68701775
441,345710.1829,1185706.247,Alouatta palliata,,Mono Congo,1,"Guanacaste Province, Curuband?® de Liberia, Costa Rica",10.719795,-85.410471,68218458
442,345710.1829,1185706.247,Cebus  imitator,,Mono Carablanca,1,"Guanacaste Province, Curuband?® de Liberia, Costa Rica",10.719795,-85.410471,68218704
443,546503.0147,1185651.18,Alouatta palliata,,Mono Congo,1,"Lim??n, Pococ?¡, Costa Rica",10.722201,-83.574844,68686247
444,384396.5332,1186710.484,Alouatta palliata,,Mono Congo,4,"Provincia de Alajuela, Bijagua de Upala, Costa Rica",10.730274,-85.056892,68350544
445,384040.1609,1187065.956,Cebus  imitator,,Mono Carablanca,9,"Provincia de Alajuela, Bijagua de Upala, Costa Rica",10.733476,-85.060161,68521874
446,384040.1609,1187065.956,Cebus  imitator,,Mono Carablanca,9,"Provincia de Alajuela, Bijagua de Upala, Costa Rica",10.733476,-85.060161,68521874
447,338713.4307,1187298.012,Alouatta palliata,,Mono Congo,9,"Provincia de Guanacaste, Costa Rica",10.733886,-85.474488,68711847
448,387060.3551,1187784.862,Alouatta palliata,,Mono Congo,2,"Provincia de Alajuela, Costa Rica",10.740068,-85.032574,68821595
449,386695.0357,1187830.182,Cebus  imitator,,Mono Carablanca,5,"Provincia de Alajuela, Costa Rica",10.740467,-85.035915,68618239
450,386695.0357,1187830.182,Cebus  imitator,,Mono Carablanca,5,"Provincia de Alajuela, Costa Rica",10.740467,-85.035915,68618239
451,542717.5109,1193053.498,Alouatta palliata,,Mono Congo,1,"Colorado, Lim??n, Pococ?¡, Costa Rica",10.789172,-83.609366,68427113
452,540723.4509,1194474.441,Alouatta palliata,,Mono Congo,1,"Lim??n, Pococ?¡, Costa Rica",10.802042,-83.627585,68686249
453,530427.7601,1200405.768,Ateles geoffroyi,,Mono Araña,2,Costa Rica,10.855768,-83.721688,68686248
454,316215.727,1210428.374,Alouatta palliata,,Mono Congo,8,"Guanacaste Province, Cuajiniquil, Costa Rica",10.941883,-85.681272,68810197
455,420286.7909,1211121.794,Ateles geoffroyi,,Mono Araña,1,Costa Rica,10.95191,-84.729326,68966531
456,315493.5319,1213691.162,Cebus  imitator,,Mono Carablanca,1,"Provinz Guanacaste, Costa Rica",10.971334,-85.688044,68249435
457,357686.0038,1216229.796,Ateles geoffroyi,,Mono Araña,3,Costa Rica,10.996175,-85.302206,68710799
